CHR,OBS_CT,BETA,SE,T_STAT
20,317282,0.00294897,0.00968129,0.304605
20,316216,-0.000435689,0.00256514,-0.16985
20,317242,0.00338436,0.00944122,0.358467
20,314686,-0.000198843,0.00260883,-0.0762191
20,316624,0.00028678,0.00252073,0.113768
20,316485,0.00018806,0.00348686,0.0539339
20,316599,0.000545669,0.0031713,0.172065
20,316691,-0.0144476,0.0071947,-2.0081
20,316642,-0.000244622,0.0025393,-0.0963347
20,316664,-0.00266491,0.00319674,-0.833634
20,316259,-0.000793425,0.00255567,-0.310457
20,317304,-0.0136001,0.0120973,-1.12422
20,317173,-0.00973377,0.00473704,-2.05482
20,316758,0.000235963,0.00259732,0.0908487
20,317208,0.00509103,0.00543741,0.936297
20,316691,0.00074798,0.00256558,0.291545
20,316751,-0.00165135,0.00254784,-0.648137
20,316675,0.00209821,0.00416575,0.50368
20,317054,0.00441438,0.00543413,0.812343
20,317179,-0.0026261,0.00602471,-0.435887
20,315994,-0.00195548,0.00262184,-0.74584
20,316330,-0.00706868,0.00252057,-2.80439
20,316885,-0.00348846,0.00505337,-0.690323
20,316598,0.00556727,0.00700795,0.794422
20,316472,0.0186682,0.00996916,1.8726
20,316609,0.00477308,0.00264692,1.80326
20,316736,-0.00582723,0.00325588,-1.78976
20,316660,-0.00278352,0.00447375,-0.622189
20,316178,0.00960482,0.0117561,0.817005
20,316360,0.00176882,0.00880252,0.200944
20,317079,-0.00124502,0.00675748,-0.184244
20,317054,-0.0155413,0.00771637,-2.01407
20,316647,0.0080636,0.00460753,1.75009
20,316315,-0.00338572,0.00980841,-0.345186
20,317083,-0.0221923,0.00884667,-2.50855
20,316842,-0.00133638,0.00764074,-0.174902
20,316142,0.000515497,0.00255331,0.201893
20,317126,0.0071173,0.00458373,1.55273
20,316696,-0.00605089,0.00448863,-1.34805
20,316904,0.0006257,0.00317282,0.197206
20,316669,-0.0298224,0.0113657,-2.62389
20,317200,0.0103786,0.00968643,1.07146
20,316745,0.00334376,0.00343579,0.973216
20,316891,-0.00124648,0.00312795,-0.398496
20,316935,0.0106408,0.00572958,1.85717
20,314916,-0.0180316,0.0102567,-1.75803
20,316751,0.00823172,0.00445991,1.84572
20,316468,-0.00656004,0.00389156,-1.68571
20,316320,0.00477419,0.00352879,1.35293
20,316824,0.00389645,0.00402498,0.968067
20,316453,0.00187171,0.00294141,0.636329
20,316777,-0.0162424,0.00897185,-1.81038
20,314595,-0.00530437,0.00570647,-0.929535
20,316273,-0.00204827,0.00281464,-0.727721
20,317080,0.000777637,0.00358685,0.216802
20,316544,0.000391296,0.00304229,0.128619
20,317168,0.00871256,0.0088012,0.989929
20,316764,-0.0374191,0.0119458,-3.1324
20,316948,-0.0145654,0.00907889,-1.60431
20,317079,0.00259431,0.00273048,0.950131
20,316789,0.0122147,0.00562734,2.17061
20,317071,-0.0108657,0.00603165,-1.80144
20,316174,0.0106348,0.00781063,1.36158
20,317059,0.00389968,0.00257394,1.51506
20,316761,-0.0127113,0.00542994,-2.34097
20,317211,0.00300843,0.00711941,0.422567
20,317105,0.000956405,0.00663546,0.144136
20,317326,0.0162431,0.00790977,2.05355
20,316158,-0.000566137,0.00289973,-0.195238
20,316945,0.00059017,0.00386782,0.152584
20,316432,0.00059397,0.00368863,0.161027
20,317205,0.00461834,0.0095225,0.484993
20,316733,-0.00654969,0.0088708,-0.738343
20,317020,0.00157349,0.00545359,0.288523
20,316420,0.00245481,0.00274887,0.893026
20,316839,-0.00281372,0.00609826,-0.461397
20,316585,-0.00222457,0.00252397,-0.881378
20,316688,0.00232913,0.00348252,0.668806
20,317213,-0.0035335,0.0120388,-0.29351
20,316522,-0.0032584,0.00252955,-1.28814
20,316871,-0.00706376,0.00666682,-1.05954
20,317258,0.00264908,0.00664153,0.398866
20,316110,0.0067567,0.00736835,0.91699
20,316463,-0.00217469,0.00280211,-0.77609
20,316973,0.0057942,0.0061364,0.944235
20,316195,0.00742971,0.0053857,1.37953
20,317016,0.00110304,0.0114061,0.0967059
20,317001,0.00325996,0.002632,1.23859
20,315945,0.00441369,0.00423894,1.04122
20,317092,0.00610966,0.0109098,0.560016
20,317147,0.0227975,0.0106989,2.13082
20,316982,-0.00699417,0.0048342,-1.44681
20,316347,-0.006977,0.00621271,-1.12302
20,316793,-0.00191287,0.00254552,-0.751463
20,315980,-0.000471275,0.0039656,-0.118841
20,316432,-0.000541279,0.00717558,-0.0754335
20,314859,0.00271148,0.00479583,0.565383
20,315974,-0.00599972,0.00488223,-1.22889
20,316742,0.00970426,0.0114956,0.844169
20,316157,-0.00452786,0.00600231,-0.754353
20,315676,-0.00142274,0.00909339,-0.156459
20,317198,-0.00102075,0.0115874,-0.0880913
20,317107,-0.00457501,0.00433813,-1.0546
20,317124,-0.00222426,0.00266286,-0.835292
20,317299,0.00231432,0.00636858,0.363397
20,316802,-0.00459843,0.00599496,-0.767049
20,316765,-0.00578479,0.00466716,-1.23947
20,316094,0.00110583,0.00450548,0.24544
20,315600,-0.000817894,0.00270608,-0.302243
20,317325,-0.00616114,0.0123806,-0.497643
20,316559,0.000574263,0.00270419,0.21236
20,316849,-0.00375815,0.00515493,-0.72904
20,316896,-0.00588415,0.00835132,-0.704577
20,316385,0.00241964,0.00513139,0.471537
20,316080,-0.000507054,0.00287214,-0.176542
20,316552,-0.0149514,0.009572,-1.56199
20,316865,-0.00207929,0.00473061,-0.43954
20,316404,-7.00462e-05,0.00531465,-0.0131798
20,316970,-0.00946098,0.00578295,-1.63601
20,316953,-0.00388618,0.00414035,-0.938611
20,317215,-0.00535882,0.00747201,-0.717186
20,316657,2.19188e-05,0.00267055,0.0082076
20,316832,0.0027056,0.00501768,0.539213
20,316337,-0.0102683,0.00546092,-1.88032
20,317290,0.00132873,0.0040709,0.326396
20,316928,-0.00199309,0.00312911,-0.636951
20,316674,0.00129649,0.00384167,0.33748
20,317166,-0.00294724,0.00558005,-0.528175
20,317040,0.0045776,0.00404153,1.13264
20,316581,0.00259095,0.00297778,0.870094
20,317188,-0.00723559,0.00930198,-0.777854
20,317268,-0.00860971,0.00744634,-1.15623
20,317098,0.00902439,0.00860482,1.04876
20,317013,-0.00314634,0.00660816,-0.47613
20,317117,-0.000973818,0.00777335,-0.125277
20,316583,-0.000135991,0.00334544,-0.0406497
20,316935,0.000570486,0.00403564,0.141362
20,317230,0.0168729,0.0106663,1.58189
20,317314,-0.00752413,0.0113973,-0.66017
20,316905,-0.00158194,0.00613839,-0.257713
20,316901,0.00878759,0.00745905,1.17811
20,317248,0.0150599,0.0100549,1.49776
20,316699,0.00403234,0.00298903,1.34905
20,317074,0.00514805,0.004066,1.26612
20,316734,-0.000893935,0.00271966,-0.328694
20,316667,0.000828266,0.0026576,0.31166
20,316432,0.0057582,0.0122105,0.471576
20,316661,0.00157409,0.00267331,0.588816
20,315814,0.000786872,0.00267879,0.293742
20,316863,-0.00275504,0.00529898,-0.519919
20,317259,-0.00132144,0.00564328,-0.234162
20,315905,-0.000414197,0.00331291,-0.125025
20,316685,-0.00343965,0.00276032,-1.24611
20,317006,0.012747,0.0109933,1.15952
20,314997,0.00105247,0.00260163,0.404543
20,315797,0.0135155,0.00949156,1.42395
20,316663,-0.000481307,0.00325973,-0.147652
20,316467,-0.00505422,0.00431294,-1.17187
20,316214,0.00971795,0.00513455,1.89266
20,315995,-0.00290169,0.00255333,-1.13643
20,316652,0.00285435,0.00496101,0.575357
20,316723,0.00694475,0.0106368,0.652898
20,316078,0.000178375,0.00428588,0.0416192
20,317132,0.0135345,0.00968225,1.39786
20,315089,-0.00357547,0.00315096,-1.13472
20,316093,0.00201697,0.00807263,0.249853
20,316561,-0.00197004,0.00320724,-0.614246
20,316704,0.000351199,0.00571659,0.061435
20,316952,-0.00509335,0.00595646,-0.855098
20,316732,0.00898071,0.00288514,3.11275
20,316481,0.00272475,0.00319649,0.852418
20,316825,0.00185233,0.00387274,0.478301
20,316805,-0.00127007,0.00877889,-0.144673
20,316891,0.00223951,0.00776397,0.288449
20,316745,0.00339127,0.00530368,0.639418
20,316718,0.00732976,0.00297096,2.46714
20,316963,0.00581009,0.00810426,0.716918
20,317292,-0.0130661,0.00795235,-1.64304
20,315798,-0.0044569,0.00399762,-1.11489
20,317116,-0.000122053,0.00552596,-0.0220871
20,316819,-0.00130488,0.00648237,-0.201297
20,316704,-0.00364459,0.00286707,-1.27119
20,316945,0.00145215,0.00700593,0.207274
20,316962,-0.00678703,0.00645645,-1.0512
20,317057,0.0070527,0.00582108,1.21158
20,316530,-0.000534263,0.00368777,-0.144874
20,316469,-0.00542781,0.00288972,-1.87832
20,316670,0.00890692,0.00547306,1.62741
20,317032,0.0152017,0.00584594,2.60039
20,316923,0.00236432,0.00643404,0.367471
20,316739,0.000194203,0.00264309,0.0734755
20,316793,-0.011509,0.0122135,-0.942322
20,316484,0.00679689,0.00318698,2.1327
20,316670,0.00957564,0.00501586,1.90907
20,317238,0.00499767,0.00784602,0.636969
20,317064,-0.0038364,0.00877323,-0.437285
20,317048,0.00870661,0.00726075,1.19913
20,317035,0.00162882,0.00383317,0.424926
20,317062,-0.00988248,0.00636166,-1.55344
20,316188,-0.0129183,0.0119314,-1.08271
20,317205,-0.000186579,0.00558608,-0.0334007
20,317006,-0.00630886,0.00668799,-0.943313
20,317322,0.00321218,0.0123674,0.259731
20,316777,0.0047217,0.00670804,0.703887
20,315384,-0.000736443,0.00324119,-0.227214
20,315788,0.0051246,0.00374906,1.3669
20,316171,-0.00207483,0.00306791,-0.6763
20,316560,-0.000305107,0.0051919,-0.058766
20,317053,-0.00587368,0.0086787,-0.676793
20,316958,0.00592532,0.0068203,0.868776
20,316440,0.00192668,0.00632763,0.304487
20,315635,-0.000327102,0.00314786,-0.103912
20,316067,-0.00562506,0.00583218,-0.964486
20,316085,0.00103729,0.00298742,0.347218
20,316871,0.00275347,0.005752,0.478698
20,317244,0.00142661,0.00424385,0.33616
20,317302,-0.000186958,0.0119279,-0.015674
20,317289,-0.0010092,0.00597516,-0.168899
20,317231,0.00296457,0.00896475,0.330691
20,316128,0.00164718,0.00295347,0.557711
20,316679,0.00171977,0.00303497,0.566651
20,317082,0.00710161,0.0104589,0.678999
20,316368,-0.000800828,0.00422534,-0.18953
20,317032,-0.0028735,0.00286662,-1.0024
20,317260,0.00361561,0.00904296,0.399826
20,316629,-0.000162415,0.00279384,-0.0581333
20,317122,-0.000148155,0.00883374,-0.0167715
20,316765,-0.00111888,0.00438147,-0.255366
20,317207,-0.0125765,0.00872066,-1.44215
20,317151,-0.00268754,0.00779045,-0.344979
20,316404,0.00311142,0.00270182,1.1516
20,316538,-0.00435156,0.00872009,-0.499027
20,316437,0.00443987,0.00324579,1.36789
20,316643,0.000621421,0.00301071,0.206404
20,316831,5.11896e-05,0.00403426,0.0126887
20,317111,-0.0072127,0.00599662,-1.2028
20,317222,0.00271544,0.00832254,0.326275
20,316915,-0.00252402,0.00766378,-0.329344
20,316238,0.00387857,0.00302462,1.28233
20,317268,-0.00726455,0.0104231,-0.696967
20,316686,-0.00454908,0.00298208,-1.52547
20,316670,0.00605789,0.00294396,2.05774
20,316724,-0.00910447,0.00557167,-1.63407
20,316402,-0.000448483,0.00413428,-0.108479
20,317123,0.00126301,0.0067528,0.187034
20,316382,-0.00335902,0.0054162,-0.62018
20,315998,-0.00879279,0.00610621,-1.43998
20,316742,-0.0112897,0.011659,-0.968324
20,316681,0.00513078,0.00290255,1.76768
20,316887,-0.010288,0.0109728,-0.937585
20,317064,0.00197106,0.00811582,0.242866
20,314836,0.00409236,0.00270591,1.51238
20,316768,0.00533621,0.00583311,0.914813
20,316495,0.000419852,0.00280411,0.149727
20,316673,-6.01119e-05,0.00313634,-0.0191663
20,316900,-0.00309388,0.0044702,-0.692114
20,316650,-0.00614176,0.00608579,-1.0092
20,316758,0.0164235,0.00919774,1.7856
20,316678,0.00100019,0.00327553,0.305354
20,316775,-0.00585491,0.00872004,-0.671431
20,316745,0.000832727,0.00338391,0.246085
20,317166,-0.00322947,0.00566275,-0.5703
20,316262,-0.00111663,0.0026552,-0.420545
20,316441,-0.0103049,0.00862645,-1.19457
20,317011,-0.0148898,0.00829455,-1.79513
20,314270,0.000229095,0.00510841,0.0448466
20,317178,-0.00952897,0.00699115,-1.36301
20,316693,-0.00128519,0.00268769,-0.478177
20,317248,-0.00502954,0.00842096,-0.597265
20,316203,0.0155744,0.0091539,1.70139
20,316894,-0.00015677,0.00446883,-0.0350808
20,316785,-0.00153864,0.00325971,-0.472018
20,317119,0.0115854,0.00965084,1.20045
20,316892,0.000588762,0.0035909,0.16396
20,317091,0.0120826,0.00656576,1.84024
20,316580,0.00323085,0.003815,0.84688
20,317212,-0.00188592,0.00818946,-0.230286
20,316926,-0.00281393,0.00996662,-0.282336
20,317111,0.00485908,0.00555938,0.874032
20,316875,0.00190844,0.00359672,0.530605
20,316296,-0.00131175,0.0026474,-0.495486
20,316838,-0.00402508,0.00423284,-0.950916
20,314887,0.00423309,0.00522833,0.809646
20,316878,-0.00257592,0.00616934,-0.417536
20,316851,-0.00196167,0.00555483,-0.353146
20,317092,-0.00150007,0.00404676,-0.370684
20,316270,-0.00926992,0.00579399,-1.59992
20,316822,-0.00636252,0.00608836,-1.04503
20,315499,-0.00293125,0.00263672,-1.1117
20,316361,0.00753486,0.00548064,1.37481
20,316766,-0.00353827,0.00425208,-0.832125
20,316626,0.00380946,0.00518255,0.735056
20,315941,-0.00170833,0.0025965,-0.657936
20,316540,-0.000317186,0.00258196,-0.122847
20,315981,-0.00377761,0.00980619,-0.385227
20,316822,0.0014753,0.00333687,0.442122
20,316520,-0.00195596,0.00262142,-0.746147
20,317042,-0.00440787,0.00653216,-0.674796
20,316970,0.00291093,0.00426036,0.68326
20,317098,0.0016392,0.00374622,0.437561
20,316757,-0.012258,0.0050263,-2.43878
20,316806,0.000996075,0.00660591,0.150785
20,316940,0.000965346,0.00960133,0.100543
20,316928,0.0131298,0.00397443,3.30356
20,315267,-0.000864329,0.00336682,-0.25672
20,316352,0.008003,0.00258687,3.09371
20,316743,-0.00287807,0.00341517,-0.842731
20,316858,0.00200788,0.00391309,0.513117
20,316061,0.0223668,0.00681161,3.28363
20,316588,0.0101859,0.00824002,1.23615
20,317295,0.00129738,0.0076233,0.170186
20,316892,0.00528433,0.0032645,1.61873
20,316989,0.0141419,0.0043991,3.21473
20,316939,0.00769652,0.00588964,1.30679
20,317203,0.00831753,0.00527778,1.57595
20,314520,0.000351528,0.00806121,0.0436074
20,314843,-0.00855807,0.00282101,-3.03369
20,316682,0.0149286,0.00827051,1.80503
20,317246,-0.0181453,0.00606062,-2.99398
20,316186,0.00484787,0.00270715,1.79076
20,316198,-0.00397197,0.00270747,-1.46704
20,315440,0.00557225,0.00269893,2.06461
20,316641,-0.00177887,0.00275425,-0.645862
20,316833,-0.00732521,0.00525901,-1.39289
20,316445,0.00215725,0.00257204,0.838732
20,316829,-0.0104278,0.00641793,-1.6248
20,316100,-0.00589508,0.00374366,-1.57468
20,316345,-0.0106613,0.00342065,-3.11675
20,316905,-0.00762292,0.00684785,-1.11318
20,316591,0.00113172,0.00294321,0.38452
20,316363,0.00323242,0.00575051,0.56211
20,316880,-0.0073382,0.00428393,-1.71296
20,316965,-0.0150889,0.00427587,-3.52884
20,314869,-0.00521691,0.00646048,-0.807511
20,316206,-0.00172997,0.00389355,-0.444317
20,316946,0.0110022,0.007523,1.46248
20,317069,-0.00352726,0.00632135,-0.557991
20,316933,-0.0149422,0.00426853,-3.50056
20,317173,-0.00221425,0.00326655,-0.677855
20,316717,-0.0150087,0.00561124,-2.67476
20,317174,0.014673,0.00842047,1.74254
20,316658,0.00519133,0.00455149,1.14058
20,316829,0.00825355,0.00383344,2.15304
20,316766,-0.00642141,0.00413818,-1.55175
20,317172,-0.0109486,0.00484017,-2.26202
20,316884,-0.0014381,0.00982505,-0.146371
20,314902,-0.0328037,0.0115776,-2.83337
20,314914,-0.00161978,0.00292358,-0.554037
20,316905,-0.020296,0.0102293,-1.9841
20,316772,0.000714149,0.00721623,0.0989642
20,317017,-0.0172369,0.0120912,-1.42557
20,317026,-0.0180481,0.00771625,-2.33897
20,317090,0.0142146,0.00440309,3.22833
20,316686,0.0179359,0.00989978,1.81174
20,314428,-0.0156249,0.00452591,-3.45233
20,317111,-0.017997,0.00796023,-2.26087
20,317294,-0.0119215,0.00513084,-2.3235
20,316897,0.00808433,0.00980029,0.824907
20,316911,-0.0178038,0.0062548,-2.84643
20,315820,-0.0117177,0.00300343,-3.90144
20,317224,-0.027371,0.00819645,-3.33937
20,316845,0.0135029,0.00457018,2.95456
20,316773,-0.0137844,0.00779052,-1.76938
20,316402,-0.0159955,0.00458589,-3.488
20,314760,-0.00839382,0.00257691,-3.25732
20,317008,0.0196207,0.0117194,1.6742
20,317238,0.0116979,0.00796088,1.46942
20,317119,-0.00978683,0.00585248,-1.67225
20,316019,-0.00774386,0.00439478,-1.76206
20,317097,0.092426,0.00711872,12.9835
20,316718,-0.00354431,0.00518148,-0.684035
20,317301,-0.0189566,0.00944915,-2.00617
20,315912,-0.00302957,0.0069592,-0.435333
20,317009,-0.0200602,0.0116307,-1.72476
20,317327,0.0281523,0.00934055,3.01399
20,317144,-0.00958633,0.00856492,-1.11926
20,317113,0.00270811,0.00901123,0.300526
20,316914,0.0102216,0.00541476,1.88773
20,316887,0.00886102,0.00858886,1.03169
20,316843,-0.0143467,0.00744744,-1.92639
20,317230,0.0160541,0.00659707,2.43351
20,317190,0.004682,0.00829954,0.564128
20,316445,-0.0229905,0.00278342,-8.25983
20,317185,-0.0238487,0.0110588,-2.15654
20,316965,-0.00147522,0.00757675,-0.194704
20,317310,-0.012147,0.00786742,-1.54397
20,317189,-0.00314604,0.00759727,-0.414101
20,316257,0.0178612,0.00262966,6.79221
20,317068,0.000301801,0.00394781,0.0764478
20,316873,-0.00259743,0.00326962,-0.794414
20,315742,-0.0140373,0.00256465,-5.47338
20,316837,-0.0141628,0.00255553,-5.54199
20,317089,0.0103623,0.00618905,1.6743
20,314644,0.00443557,0.00279666,1.58603
20,316435,-0.0164189,0.00309058,-5.31255
20,316841,-0.0171699,0.00307966,-5.57524
20,316638,0.0146541,0.00267236,5.48359
20,317020,0.00313462,0.00731854,0.428312
20,316750,-0.0125344,0.00347841,-3.60347
20,316940,0.00043924,0.0113438,0.0387206
20,316901,0.0125526,0.00696183,1.80306
20,316788,-0.00940696,0.0034906,-2.69494
20,316910,-0.00887853,0.00368005,-2.41261
20,317081,0.00436842,0.00706406,0.618401
20,316721,-0.0089833,0.00344704,-2.60609
20,317096,0.00392699,0.00684904,0.573363
20,317313,-0.0143735,0.0104644,-1.37356
20,315574,0.00322108,0.00518213,0.621575
20,316780,-0.00954922,0.00366515,-2.60541
20,315755,0.00806491,0.00383504,2.10295
20,316894,0.0377628,0.00818812,4.6119
20,316966,-0.00373836,0.00615817,-0.607056
20,317033,0.0115014,0.00787261,1.46094
20,317109,-0.010535,0.00940195,-1.12051
20,316452,-0.00597836,0.00454135,-1.31643
20,317178,0.00352594,0.0030748,1.14672
20,316606,0.0070878,0.00274478,2.58228
20,315983,-0.00448678,0.00354697,-1.26496
20,316424,-0.00720687,0.00429795,-1.67682
20,316660,0.00490238,0.0072471,0.676461
20,316840,-0.0179581,0.00461494,-3.8913
20,317012,-0.00881854,0.00844733,-1.04394
20,317280,0.0118885,0.00801739,1.48284
20,316657,0.00386432,0.00263756,1.46511
20,317170,0.00474558,0.00634694,0.747696
20,317294,-0.0159923,0.0117729,-1.3584
20,316747,-0.0125045,0.00608531,-2.05487
20,316000,-0.0115753,0.00456293,-2.53682
20,317050,-0.00379608,0.00380917,-0.996563
20,317090,6.50747e-05,0.00774397,0.00840328
20,316450,0.00952058,0.00369289,2.57808
20,317245,0.00720402,0.00836436,0.861276
20,316761,-0.00143178,0.00628585,-0.227779
20,316970,-0.0125205,0.00885711,-1.41361
20,315900,0.00161732,0.00314914,0.513577
20,316764,0.00252332,0.00357283,0.706253
20,316842,-0.0124006,0.00456902,-2.71406
20,317234,0.00723113,0.0111322,0.649567
20,314294,0.00297822,0.00282156,1.05552
20,316437,0.00378699,0.00464987,0.814429
20,316476,0.00718906,0.00434936,1.6529
20,315960,-0.000864755,0.00763888,-0.113204
20,316932,-0.0019414,0.00669048,-0.290174
20,317035,0.0239346,0.00747984,3.19989
20,316905,0.000625933,0.00555689,0.112641
20,316225,0.00591296,0.00371582,1.59129
20,317187,0.0199613,0.00832801,2.39689
20,316892,0.0147917,0.00500799,2.95362
20,316930,1.89379e-05,0.00502537,0.00376846
20,317134,-0.00901874,0.00967976,-0.931712
20,315789,-0.00278554,0.00790462,-0.352394
20,316832,0.000758327,0.00307998,0.246212
20,316272,0.000152876,0.00252039,0.0606557
20,316493,-0.000568855,0.0025184,-0.225879
20,317043,-0.00841062,0.00868022,-0.968941
20,316703,0.00715069,0.00313995,2.27733
20,315916,-0.0115361,0.00455644,-2.53182
20,315665,-0.0048652,0.0026187,-1.85787
20,316768,-0.00400822,0.0106169,-0.377532
20,317066,-0.000465319,0.009111,-0.0510722
20,316884,0.00420397,0.00449841,0.934546
20,317122,-0.00353391,0.00344282,-1.02646
20,316934,-0.0022167,0.0107238,-0.206708
20,316921,-0.00099487,0.00668145,-0.1489
20,316913,0.00476264,0.00585561,0.813346
20,315483,-0.00180909,0.00255188,-0.708924
20,316751,0.00376957,0.00363566,1.03683
20,316647,0.00710727,0.00901666,0.788238
20,316775,-0.0100978,0.0080782,-1.25001
20,316607,0.000432084,0.00406289,0.106349
20,317115,0.00384076,0.00745306,0.515326
20,316211,0.00778608,0.00340868,2.28419
20,316567,0.00281892,0.0047809,0.58962
20,316240,0.00635782,0.00270427,2.35103
20,316820,-0.0124012,0.0087873,-1.41127
20,316630,0.00456342,0.00987051,0.462328
20,316690,0.00537612,0.00286766,1.87474
20,317266,0.00226118,0.00655975,0.344705
20,316838,0.00408039,0.0041329,0.987296
20,316937,4.12254e-05,0.00600328,0.00686714
20,316726,-0.00182386,0.00263235,-0.692864
20,316663,-0.00531596,0.00496171,-1.0714
20,316151,0.0268477,0.00703625,3.81563
20,317153,0.0233574,0.00673328,3.46895
20,316990,0.00283381,0.00287899,0.984306
20,316824,0.00338266,0.00269407,1.25559
20,316234,-0.00169092,0.00303219,-0.557656
20,316443,0.0156822,0.00275139,5.69975
20,316422,0.00332207,0.0037515,0.88553
20,317082,-0.0335047,0.0117938,-2.84087
20,317227,-0.0240312,0.0118889,-2.02132
20,317171,-0.0190769,0.0071829,-2.65588
20,316312,0.0135373,0.00347122,3.89985
20,315583,-0.015244,0.00590467,-2.58169
20,317252,-0.017162,0.00511058,-3.35813
20,316299,-0.0164843,0.00628819,-2.62146
20,317107,-0.0150785,0.00487504,-3.09299
20,316725,0.0095416,0.00987638,0.966103
20,317283,-0.0160288,0.0048874,-3.27962
20,315253,0.0244625,0.00954165,2.56376
20,316849,0.0120551,0.00523045,2.30479
20,316971,0.00657287,0.00903098,0.727814
20,316970,-0.0153027,0.00446841,-3.42465
20,317306,0.00784901,0.0101116,0.776238
20,316759,0.0192284,0.00339606,5.66199
20,316579,-0.0164039,0.00276668,-5.92909
20,317078,0.0144287,0.0034889,4.13561
20,316360,0.0196659,0.00300742,6.53911
20,316832,0.0203064,0.00325109,6.24601
20,317227,0.015612,0.00470752,3.3164
20,317196,0.0147415,0.00348175,4.23393
20,315437,0.0125408,0.00348859,3.5948
20,317049,-0.0213922,0.0116771,-1.83197
20,316847,-0.0149436,0.00682581,-2.18928
20,317244,0.0113777,0.00896699,1.26884
20,316573,0.0294094,0.00571093,5.14967
20,316443,0.0175618,0.00586693,2.99336
20,316410,0.0152783,0.00459202,3.32715
20,316658,0.0127584,0.00333431,3.8264
20,316276,-0.0155877,0.00495345,-3.14684
20,316739,-0.022218,0.00252388,-8.8031
20,317147,-0.00978545,0.00642389,-1.52329
20,317097,0.0119568,0.00312809,3.8224
20,316920,0.020049,0.00309122,6.48578
20,316367,-0.00612691,0.0122513,-0.500102
20,315781,0.0202408,0.00353706,5.72249
20,317052,0.0275496,0.0110013,2.50422
20,316509,-0.0134219,0.00726028,-1.84868
20,316998,0.0151335,0.00458221,3.30267
20,317168,-0.014652,0.00942196,-1.55509
20,316753,0.0210366,0.00300577,6.99873
20,316992,0.0127911,0.00448285,2.85334
20,316811,-0.0163018,0.00494941,-3.29368
20,316897,0.0221139,0.00256123,8.63409
20,316730,-0.0110284,0.00425106,-2.59427
20,316786,0.0284304,0.0110944,2.5626
20,317290,0.0160866,0.0091343,1.76112
20,316458,0.0218209,0.00889206,2.45397
20,316654,0.00153127,0.00529374,0.289261
20,316626,0.0154812,0.00311134,4.97573
20,316882,0.00416513,0.00332555,1.25246
20,315865,0.0165759,0.00268105,6.18264
20,316803,0.0172732,0.00303005,5.70064
20,316626,-0.00190057,0.00449746,-0.422586
20,314267,-0.0181384,0.00730249,-2.48386
20,316851,-0.00282429,0.00928722,-0.304105
20,317179,-0.0028375,0.00935023,-0.303469
20,316787,0.0102365,0.00266718,3.83796
20,316974,0.00702532,0.00616428,1.13968
20,316986,-0.00342055,0.00913418,-0.374478
20,317110,-0.0169149,0.00560305,-3.01888
20,317068,-0.000671972,0.00900661,-0.0746088
20,316924,-0.0313859,0.0122899,-2.55378
20,316824,0.0111711,0.00286381,3.90077
20,316365,-0.00304072,0.01045,-0.290977
20,314744,-0.00861281,0.0043828,-1.96514
20,316747,0.0169012,0.00444878,3.79906
20,317237,-0.0321963,0.00917616,-3.5087
20,316444,0.00199246,0.00572669,0.347925
20,316926,-0.0128745,0.00694145,-1.85473
20,317111,0.0166743,0.00750366,2.22215
20,316524,0.0107468,0.00303684,3.53882
20,316613,0.0116894,0.00381034,3.0678
20,315831,0.0217344,0.0117302,1.85286
20,316929,0.0203363,0.0120581,1.68653
20,317155,-0.0204437,0.00755862,-2.70469
20,317223,-0.00448628,0.00557209,-0.805134
20,316776,-0.0133599,0.00638976,-2.09084
20,316343,-0.00393321,0.00904371,-0.434911
20,316954,0.00723597,0.00557406,1.29815
20,316442,0.0204832,0.00516371,3.96677
20,316933,0.00454205,0.00737081,0.616222
20,316725,-0.0159209,0.00868425,-1.83331
20,316972,-0.000967066,0.00564346,-0.17136
20,316748,0.011662,0.00256423,4.54794
20,316669,-0.00155166,0.0064342,-0.241158
20,315602,-0.0149969,0.0121822,-1.23105
20,316920,0.0165544,0.00388184,4.26457
20,316732,0.0106904,0.00283395,3.77225
20,316802,-0.00768799,0.00416679,-1.84506
20,316635,-0.00553786,0.00928911,-0.596167
20,317007,0.00702455,0.0044977,1.56181
20,317042,-0.00533666,0.00766295,-0.696424
20,317281,-0.00926173,0.0100476,-0.921781
20,316987,-0.000998125,0.00424982,-0.234863
20,316669,-7.34852e-05,0.00457185,-0.0160734
20,316598,-0.00142977,0.00290301,-0.492514
20,317115,0.0108152,0.00451213,2.39693
20,317120,-0.00168341,0.00504453,-0.33371
20,317202,-0.00890746,0.010684,-0.833722
20,317272,-0.0234904,0.00935604,-2.51072
20,317159,-0.00534827,0.00666221,-0.802778
20,317272,0.00795272,0.00547692,1.45204
20,316692,-0.00585955,0.00412062,-1.42201
20,316604,-0.00159555,0.00281765,-0.566269
20,316966,0.00526906,0.0055682,0.946277
20,317073,0.012817,0.00717426,1.78652
20,316779,-0.0108055,0.00982702,-1.09957
20,316670,-0.0214767,0.011684,-1.83813
20,316074,-0.00280308,0.00252797,-1.10883
20,316998,0.0103634,0.00716143,1.44712
20,316309,-0.00494445,0.00468171,-1.05612
20,316956,-0.0218959,0.0102259,-2.14121
20,317172,0.0136933,0.00723882,1.89165
20,316343,-0.00311645,0.00328211,-0.949527
20,316942,-0.00726985,0.00321087,-2.26414
20,316713,0.00129844,0.00723252,0.179529
20,317233,0.0117267,0.00696454,1.68377
20,317254,0.00526722,0.0102155,0.515612
20,316330,0.00319534,0.00259182,1.23286
20,316802,-0.00460825,0.00319775,-1.44109
20,314523,-0.00539205,0.00307787,-1.75188
20,316332,-0.00351909,0.00412097,-0.853947
20,316269,0.000237684,0.00263387,0.0902416
20,316684,0.000486507,0.00251452,0.193479
20,316909,0.000247412,0.00402876,0.0614115
20,316887,0.00376487,0.00283713,1.327
20,314906,0.00566996,0.00881547,0.643183
20,317051,-0.00973917,0.00555794,-1.7523
20,315913,0.00176594,0.00411275,0.429381
20,316939,-0.00372309,0.00596246,-0.624422
20,316649,0.000879552,0.00301671,0.29156
20,316948,-0.00931159,0.00866154,-1.07505
20,316624,-0.00215941,0.00394679,-0.547131
20,316760,-0.00169495,0.00251564,-0.673766
20,316343,0.0015691,0.00313148,0.501075
20,316984,-0.00643505,0.00609343,-1.05606
20,315567,-0.00115692,0.00266479,-0.434151
20,317022,0.00248337,0.00491882,0.504871
20,317017,-0.0043173,0.00835758,-0.516573
20,317257,-0.00520063,0.00569071,-0.91388
20,314982,-0.0123676,0.0074623,-1.65734
20,317284,0.00197297,0.00656094,0.300715
20,316366,-0.00316429,0.00263657,-1.20015
20,316894,0.0013311,0.00535769,0.248446
20,316652,-0.00921808,0.0106291,-0.867251
20,316919,-0.00092038,0.00767189,-0.119968
20,316147,-0.00096918,0.00447789,-0.216436
20,316059,-3.93129e-05,0.00258031,-0.0152357
20,316656,0.00601106,0.00275096,2.18508
20,315436,-0.00533207,0.00373863,-1.42621
20,316401,-0.0119367,0.0101652,-1.17428
20,316955,-0.0045722,0.00319704,-1.43014
20,316447,0.00656341,0.00264853,2.47813
20,317271,-0.010716,0.00588723,-1.82021
20,316649,0.00630976,0.0051653,1.22157
20,316886,-0.00260312,0.0044207,-0.588847
20,316539,0.000189353,0.00690355,0.0274284
20,316960,0.00324606,0.00400828,0.809839
20,316915,0.018667,0.0101441,1.84018
20,317198,-0.00483171,0.0071253,-0.678107
20,317122,-0.0083407,0.0101768,-0.819577
20,316886,0.0115842,0.00837959,1.38243
20,317111,0.015264,0.00613144,2.48947
20,316976,0.0150603,0.00883779,1.70408
20,316925,-0.00172318,0.00759974,-0.226742
20,316667,0.00698466,0.00651731,1.07171
20,316495,0.00582287,0.00417416,1.39498
20,317106,-0.00204377,0.00820724,-0.249021
20,317272,-0.0138963,0.0088058,-1.57809
20,316745,0.00594574,0.00261679,2.27215
20,316837,-0.00943104,0.00591325,-1.5949
20,316486,0.00324308,0.00296463,1.09393
20,317223,-0.0032886,0.0119768,-0.274581
20,315801,-0.00293346,0.0106176,-0.276282
20,317157,-0.00220121,0.00456124,-0.482591
20,317077,0.000906582,0.00786203,0.115311
20,316622,-0.0116477,0.00601465,-1.93655
20,317147,-0.0082908,0.0054649,-1.5171
20,317257,0.00302193,0.0106962,0.282522
20,316697,0.0118193,0.00655978,1.80178
20,316571,-0.00649435,0.00274463,-2.3662
20,317156,-0.0092916,0.011344,-0.819079
20,317183,-0.00488893,0.0122622,-0.398699
20,317201,-0.00166461,0.00496807,-0.335062
20,315611,-0.0129913,0.00613268,-2.11837
20,316707,-0.00294325,0.00300201,-0.980428
20,316955,-0.00293151,0.00337741,-0.867977
20,316674,0.000590876,0.00250376,0.235995
20,316830,0.00179198,0.00264023,0.678722
20,315166,0.00415789,0.00560284,0.742104
20,316709,0.00266391,0.00276793,0.96242
20,316964,-0.000107705,0.00562384,-0.0191514
20,316782,-0.00360303,0.00407802,-0.883525
20,317033,-0.00473411,0.00903539,-0.523952
20,316606,-0.00281231,0.00294511,-0.954909
20,315837,-0.0161357,0.00724583,-2.22689
20,317220,-0.00474148,0.00615429,-0.770435
20,316482,-0.00211412,0.00637195,-0.331786
20,316838,-0.00175372,0.00936708,-0.187222
20,316811,-0.0115386,0.00675443,-1.7083
20,316621,-0.00127757,0.00262912,-0.485929
20,316771,0.0219415,0.00990101,2.21608
20,316913,-0.0184292,0.00875523,-2.10494
20,316813,-0.000519761,0.00304059,-0.170941
20,316549,0.00117335,0.00308054,0.380893
20,317260,0.00649302,0.0124432,0.521812
20,316515,-0.00496319,0.00789593,-0.628576
20,317144,0.0219463,0.00987431,2.22257
20,316730,-0.000396615,0.00354648,-0.111834
20,314704,0.00180347,0.00890578,0.202506
20,314310,0.0194766,0.00845409,2.30381
20,316636,0.0200764,0.0078233,2.56623
20,316803,-0.00229628,0.00257956,-0.890183
20,317001,-0.00473025,0.00606682,-0.779691
20,316902,-0.00279852,0.00491878,-0.568946
20,315576,-0.00331388,0.00339518,-0.976055
20,316763,0.000960172,0.00338259,0.283857
20,316350,2.05535e-05,0.00394516,0.0052098
20,316948,0.00748407,0.00334645,2.23642
20,317273,0.00302742,0.00928262,0.326139
20,316296,-0.00852914,0.00459681,-1.85545
20,315793,-0.011089,0.00403442,-2.74859
20,316346,-0.00104225,0.00297516,-0.350319
20,316258,-0.00021583,0.00450575,-0.0479011
20,316551,-0.00466575,0.00264158,-1.76627
20,317238,-0.00972101,0.00685248,-1.41861
20,316656,-0.00127722,0.00358093,-0.356671
20,316612,-0.000464268,0.00646979,-0.0717594
20,317095,-0.00330142,0.00280011,-1.17903
20,316391,-0.00105503,0.00253177,-0.416716
20,316769,0.000440463,0.00312644,0.140883
20,316486,-0.00360918,0.00258531,-1.39604
20,316385,-0.00295516,0.00348175,-0.848757
20,316928,-0.00456468,0.00265264,-1.72081
20,316960,-0.00883016,0.00662194,-1.33347
20,316451,-0.000357588,0.00267158,-0.133849
20,317188,-0.00453495,0.00369731,-1.22656
20,316873,0.00361909,0.00294037,1.23083
20,316880,-0.0099738,0.00671805,-1.48463
20,317024,0.00146753,0.00360207,0.407414
20,316464,0.00307881,0.00270831,1.1368
20,316891,0.011266,0.0044192,2.54932
20,317207,-0.00314086,0.00392947,-0.799311
20,315392,-0.00544214,0.0030933,-1.75933
20,316494,-0.00409211,0.00271788,-1.50562
20,315811,-0.00603044,0.00281203,-2.14451
20,316755,-0.00645251,0.00521724,-1.23677
20,315306,-0.000962738,0.00425122,-0.226462
20,316159,0.00310149,0.00257933,1.20244
20,316267,0.00760057,0.00366927,2.07141
20,316893,-0.0100862,0.00487226,-2.07014
20,316586,0.00190561,0.00318267,0.598746
20,316704,0.00212282,0.00270279,0.785419
20,316810,-0.0056391,0.00435674,-1.29434
20,316835,0.0038421,0.00446285,0.860908
20,316175,0.00364922,0.00372693,0.979148
20,316204,0.00274907,0.00269562,1.01983
20,316040,-0.00217214,0.0100441,-0.21626
20,316666,-0.0143088,0.00681638,-2.09917
20,316724,-0.00429724,0.00356927,-1.20395
20,316395,-0.00250978,0.00346944,-0.723397
20,314908,-0.0105508,0.00908098,-1.16185
20,316821,-0.00217817,0.00391234,-0.556742
20,314657,0.000450708,0.00420238,0.107251
20,317036,-0.00397406,0.0032393,-1.22683
20,316641,-0.00379515,0.00255232,-1.48694
20,316913,0.00194403,0.00476452,0.408023
20,317265,0.000824331,0.00975991,0.084461
20,316795,0.00384454,0.0030308,1.26849
20,317319,-0.00417497,0.0069368,-0.601859
20,316710,-0.000302167,0.00256474,-0.117816
20,315501,0.0054276,0.00538538,1.00784
20,316674,-0.00341481,0.00515221,-0.662785
20,315750,-0.00611013,0.00661203,-0.924094
20,316900,-0.00408034,0.00294179,-1.38702
20,317196,-0.00278196,0.00829335,-0.335444
20,316814,0.00557629,0.00385526,1.44641
20,316855,0.00637905,0.00406447,1.56946
20,316363,-0.00199221,0.0081018,-0.245898
20,317113,-0.00987046,0.00996049,-0.990961
20,316570,-0.0018572,0.00450049,-0.412666
20,316763,-0.00101955,0.00472182,-0.215923
20,316554,-0.0189996,0.012355,-1.53781
20,316816,0.00298038,0.0051284,0.581151
20,316847,-0.000652941,0.00519515,-0.125683
20,316482,0.00447869,0.00250904,1.78502
20,317034,0.00346784,0.00673832,0.514645
20,316216,0.00475722,0.00541221,0.878978
20,316385,-0.00500091,0.00250534,-1.9961
20,316633,0.00450905,0.00251274,1.79448
20,315929,-0.00417947,0.00313677,-1.33241
20,316959,-0.0086531,0.0098371,-0.879639
20,316324,0.00633055,0.00368531,1.71778
20,316968,0.000180619,0.00850049,0.0212481
20,316886,-0.00189644,0.00269265,-0.704303
20,316290,0.00115573,0.00323364,0.357409
20,317213,0.0110276,0.00667939,1.65099
20,316788,-7.98839e-05,0.00783178,-0.0102
20,316779,-0.0035668,0.00343571,-1.03815
20,315519,0.00310056,0.00349917,0.886084
20,317043,-0.00294907,0.00860562,-0.342692
20,317240,-0.00848074,0.00959325,-0.884032
20,317041,-0.00245106,0.00255861,-0.957967
20,316490,0.00336159,0.00343955,0.977334
20,317053,-0.00886499,0.00941616,-0.941465
20,316965,0.0015358,0.00528852,0.290403
20,317023,-0.00478161,0.00431888,-1.10714
20,316468,0.00109348,0.00262003,0.417352
20,316278,0.00361613,0.00303861,1.19006
20,317191,0.00970366,0.0114223,0.849538
20,317099,-0.00786123,0.00609053,-1.29073
20,314967,0.00024566,0.00276174,0.0889513
20,316803,-0.00315837,0.00708082,-0.446046
20,316938,0.00452958,0.00503482,0.899651
20,316727,0.00258987,0.00326841,0.792395
20,317107,-0.000494334,0.00478153,-0.103384
20,316887,0.00844652,0.00870634,0.970158
20,316882,0.000549658,0.00469155,0.117159
20,316715,-0.00158171,0.00300414,-0.526509
20,317181,-0.00140878,0.0115763,-0.121695
20,316790,-0.00598611,0.00381761,-1.56803
20,317106,-0.00573085,0.011491,-0.498727
20,316374,-0.00313538,0.00272232,-1.15173
20,316925,-0.00437479,0.00503049,-0.869655
20,317170,-0.00614524,0.00680443,-0.903123
20,317036,-0.0103606,0.0100639,-1.02947
20,317301,-0.0132481,0.0110847,-1.19517
20,317026,-0.00148298,0.00710716,-0.208661
20,316333,0.00607684,0.0029594,2.0534
20,316681,0.0134575,0.00371655,3.62097
20,316841,-0.00783578,0.00675721,-1.15962
20,317087,0.00526374,0.00973127,0.54091
20,314641,-0.000595982,0.00259957,-0.229262
20,316116,0.00196256,0.00349885,0.560916
20,317133,-0.00740529,0.0112394,-0.658869
20,316852,0.00251077,0.00306794,0.81839
20,315185,-0.000882973,0.00262641,-0.33619
20,317123,2.06115e-05,0.00656898,0.00313771
20,316686,-0.00264501,0.00251949,-1.04982
20,317216,0.00191602,0.00364587,0.525531
20,316248,0.00049778,0.00261471,0.190377
20,316398,-0.00141062,0.00328907,-0.428882
20,316186,0.00207572,0.00311744,0.665841
20,317161,0.00288986,0.00815282,0.354462
20,317245,0.00824043,0.0104741,0.786742
20,316804,0.00114878,0.00438265,0.262119
20,314758,0.000855307,0.00251937,0.339492
20,317110,0.0031009,0.00556656,0.557058
20,316866,0.00217314,0.00391994,0.554382
20,316092,0.00164104,0.0062434,0.262844
20,316893,-0.00438542,0.00360943,-1.21499
20,316524,-0.000930784,0.00404972,-0.229839
20,317215,-0.00344606,0.00458771,-0.751149
20,317257,-0.0039936,0.00615012,-0.649353
20,316918,0.00179607,0.00542886,0.330837
20,317161,0.00174149,0.00596665,0.291871
20,316934,-0.00163273,0.00310128,-0.52647
20,316963,-0.00152091,0.00366667,-0.414793
20,315589,0.00422278,0.00266134,1.58671
20,315739,-0.000510176,0.00685932,-0.0743771
20,316963,0.00367264,0.00472174,0.777814
20,316744,-0.00182636,0.00314668,-0.580409
20,316760,0.00233358,0.00363159,0.642579
20,317292,0.011852,0.012206,0.970993
20,315414,-0.000688379,0.00252328,-0.272811
20,316861,-9.23061e-05,0.00287572,-0.0320984
20,317165,-0.00294601,0.00680367,-0.433003
20,317046,-0.000963331,0.00908553,-0.106029
20,317176,0.00450271,0.00753638,0.597464
20,316548,0.00301198,0.00711336,0.423425
20,317244,0.0073816,0.0106439,0.693504
20,317268,-0.0140475,0.00817661,-1.71801
20,316898,0.00551545,0.0101043,0.545851
20,315216,0.000349866,0.00274767,0.127332
20,317226,0.00493582,0.00660013,0.747836
20,316298,0.0089093,0.007955,1.11996
20,315818,-0.00054286,0.00253007,-0.214563
20,317274,0.00343678,0.0116178,0.295819
20,316852,0.00671745,0.00721699,0.930782
20,316931,0.0191857,0.0125036,1.53441
20,316289,0.00122025,0.00363379,0.335805
20,317257,0.0134834,0.011593,1.16306
20,316755,-0.00329146,0.00880503,-0.373816
20,317109,0.000224278,0.00798861,0.0280747
20,316174,0.00286559,0.00262339,1.09232
20,316558,0.00414926,0.00309596,1.34022
20,316721,-0.00933967,0.00674805,-1.38406
20,316779,-0.004252,0.00298212,-1.42583
20,316700,-0.00302265,0.00294816,-1.02527
20,315732,-0.00195469,0.00251716,-0.776547
20,317230,0.00511674,0.00827488,0.618347
20,317194,-0.00658297,0.00458576,-1.43552
20,316295,-0.00275594,0.0029249,-0.942234
20,316809,-0.00503202,0.00893312,-0.5633
20,316154,-0.00376063,0.00307345,-1.22359
20,317231,-0.000912445,0.00685384,-0.133129
20,316764,-0.00396128,0.00270295,-1.46554
20,316716,-0.000718763,0.00322326,-0.222993
20,317217,0.00427847,0.00801574,0.533759
20,316073,0.0048707,0.0105727,0.460687
20,317201,0.00134363,0.00768393,0.174863
20,316488,-0.000662531,0.00322553,-0.205402
20,315461,0.00410262,0.00933238,0.439612
20,316775,0.0105746,0.00750328,1.40933
20,315897,0.00117183,0.00253962,0.461419
20,316330,0.00177506,0.00454294,0.390729
20,315663,0.000581532,0.00313481,0.185508
20,316732,-0.000324803,0.00253812,-0.12797
20,317215,0.00707555,0.0113784,0.621842
20,317183,-0.0184439,0.00889968,-2.07243
20,316948,-0.0040264,0.00504091,-0.798745
20,316624,-0.0131913,0.0118358,-1.11453
20,316855,0.00534323,0.00486365,1.09861
20,316661,0.00235539,0.00361482,0.651592
20,316999,0.0144724,0.0103187,1.40253
20,316635,-0.0012317,0.00251212,-0.490303
20,316807,-0.00706683,0.0108207,-0.653082
20,316465,0.000169089,0.00258758,0.0653465
20,316501,0.0109151,0.0047019,2.32142
20,317272,-0.00489934,0.00792717,-0.618044
20,317009,0.000256183,0.00471574,0.0543251
20,316862,-0.00451035,0.0118422,-0.38087
20,317131,0.00918845,0.00913242,1.00614
20,316748,0.00696562,0.00535872,1.29986
20,316234,0.000730005,0.00254974,0.286306
20,317122,0.0035016,0.00797205,0.439235
20,317103,0.00264194,0.00459476,0.574989
20,316205,-0.00132692,0.0081552,-0.162708
20,317045,-0.00342815,0.0102225,-0.335354
20,316305,0.000725783,0.00263537,0.275401
20,317211,0.00470048,0.0106165,0.442754
20,316591,-0.00994566,0.00420576,-2.36477
20,317299,-0.0143515,0.00679719,-2.11139
20,316963,0.00116073,0.00666238,0.174222
20,316454,-0.0111755,0.00530756,-2.10558
20,317091,0.00327304,0.0111376,0.293872
20,317290,0.0036007,0.0067671,0.532088
20,316523,-0.000777557,0.00475573,-0.163499
20,317077,0.00638487,0.011316,0.564235
20,316520,-0.00620732,0.003046,-2.03786
20,316547,0.00447075,0.00348654,1.28229
20,316669,0.00601266,0.00830901,0.723631
20,314928,-0.000823087,0.00288902,-0.284902
20,316585,-0.00104986,0.00363563,-0.288769
20,316810,0.00876016,0.00979225,0.894601
20,314418,-0.000816724,0.00399066,-0.204659
20,316628,-0.00208511,0.00301866,-0.690741
20,316391,-0.00110998,0.00270535,-0.410292
20,316175,0.000211537,0.00327983,0.0644963
20,317097,-0.00467031,0.00698088,-0.669015
20,316922,0.00598721,0.00435411,1.37507
20,317213,0.0213574,0.0113126,1.88793
20,316748,0.000171029,0.00409712,0.0417438
20,316202,-0.000949546,0.00321994,-0.294896
20,316743,0.00169771,0.00483687,0.350993
20,317203,-0.00318003,0.00788058,-0.403527
20,316970,-0.0108793,0.0095745,-1.13628
20,317046,-0.00628023,0.00426134,-1.47377
20,316729,-0.00174314,0.00481164,-0.362275
20,316797,0.00768258,0.00959853,0.800391
20,316364,0.00243481,0.0042918,0.567317
20,315991,0.00810052,0.00670729,1.20772
20,317069,0.000404545,0.00431365,0.0937825
20,316851,-0.0177327,0.0111582,-1.58921
20,316957,0.000655626,0.00352044,0.186234
20,315825,-0.00132064,0.00254543,-0.518826
20,316854,0.00134447,0.00312387,0.430387
20,315074,-0.00572068,0.00544438,-1.05075
20,316058,0.000278639,0.00357241,0.0779975
20,316911,-0.00605977,0.00468163,-1.29437
20,316794,0.00233471,0.00257891,0.905308
20,315972,0.0062442,0.00946515,0.659704
20,316600,-0.0113882,0.00478124,-2.38186
20,316834,-0.00841663,0.00480894,-1.75021
20,317198,0.00143153,0.00899396,0.159165
20,317220,-0.017892,0.00897814,-1.99284
20,316082,0.00250632,0.00500702,0.500561
20,316740,0.00248573,0.00314908,0.789352
20,317181,-0.00799184,0.00827345,-0.965963
20,316948,-0.000864828,0.00326837,-0.264605
20,317071,-0.00025626,0.00407896,-0.0628248
20,314486,-0.000798795,0.00334789,-0.238597
20,316795,0.00127042,0.00343712,0.369619
20,316059,0.00291223,0.00487586,0.597274
20,316556,-0.000270483,0.00259954,-0.10405
20,316669,-0.000566832,0.00918507,-0.0617123
20,316850,-0.00441273,0.0114835,-0.384266
20,316513,-0.00130323,0.00254841,-0.511391
20,316899,0.000781509,0.00275982,0.283174
20,315427,0.002834,0.00922456,0.307223
20,316617,0.00730309,0.00746693,0.978058
20,316141,0.000916183,0.00274422,0.33386
20,316950,0.00128019,0.00872194,0.146778
20,316697,0.000210138,0.00322613,0.0651362
20,317336,-0.00470694,0.0116371,-0.404478
20,316689,0.00175736,0.00256128,0.686127
20,316510,0.000215177,0.00264703,0.0812899
20,316868,-0.00156547,0.00263439,-0.594245
20,316948,0.00481179,0.0042661,1.12791
20,316696,-0.00167416,0.00252314,-0.663523
20,315225,-0.00783453,0.00641192,-1.22187
20,316658,6.71575e-05,0.00295511,0.0227259
20,316961,0.00272031,0.00701492,0.38779
20,317036,-0.00152054,0.00880605,-0.172669
20,317115,0.0161332,0.0100919,1.59863
20,316436,0.00250284,0.00444595,0.562948
20,316732,-0.00086899,0.00920136,-0.0944415
20,316881,-0.00638292,0.00500215,-1.27603
20,316526,-0.000659013,0.00258101,-0.255332
20,316793,0.00391183,0.00286931,1.36334
20,315755,0.00303699,0.00253255,1.19918
20,317036,0.000819521,0.00683542,0.119893
20,317268,-0.00249937,0.00699312,-0.357404
20,316510,0.00155744,0.00416392,0.374031
20,316158,-0.00109148,0.0117424,-0.0929521
20,316791,0.00105809,0.00328002,0.322587
20,316332,0.00218607,0.0027103,0.80658
20,317199,0.00356163,0.00560995,0.634877
20,316860,0.00750985,0.0102354,0.733715
20,317060,0.00938657,0.00639224,1.46843
20,316781,0.0174585,0.0100589,1.73563
20,316619,0.00211571,0.00305444,0.692666
20,316812,0.00205577,0.00441079,0.466078
20,316325,0.00223873,0.0085578,0.261601
20,315825,0.0036813,0.00251404,1.4643
20,316985,0.000647102,0.00383298,0.168825
20,316811,0.00149816,0.00634971,0.235941
20,316387,0.00126555,0.0081011,0.156219
20,316979,-0.00141527,0.00258697,-0.547076
20,316630,-0.00207812,0.00470299,-0.441872
20,316826,0.0113687,0.00615653,1.84661
20,317005,-0.00104339,0.00268161,-0.389089
20,317297,-0.000676092,0.0072536,-0.0932077
20,317255,0.013468,0.00650306,2.07102
20,317240,-0.0107795,0.00912345,-1.18151
20,316509,-0.00357111,0.00355898,-1.00341
20,317309,-0.00418518,0.0068015,-0.615332
20,316482,0.00942341,0.00735516,1.2812
20,316845,0.000644448,0.00301102,0.21403
20,316798,-0.00182576,0.00317064,-0.575833
20,316425,0.00481819,0.00310581,1.55135
20,315980,-0.00827065,0.0080559,-1.02666
20,316750,-0.00188915,0.00285083,-0.662666
20,316896,0.00250321,0.0089315,0.280268
20,316945,0.00446988,0.00310187,1.44103
20,316828,-0.0134735,0.00756775,-1.78039
20,316588,-0.0129498,0.0073083,-1.77192
20,316746,0.000784025,0.00293112,0.267483
20,317157,0.0100284,0.00732453,1.36915
20,316160,-0.000383631,0.00307886,-0.124602
20,316859,-0.00363073,0.00634559,-0.572165
20,316811,-0.000746518,0.00307321,-0.242912
20,316348,-0.00091027,0.00307523,-0.296001
20,316951,-0.00122157,0.00345242,-0.353832
20,316498,0.0155686,0.0103344,1.50649
20,316701,-0.00379634,0.00614548,-0.617745
20,317057,-0.00356403,0.00381062,-0.935288
20,317184,-0.000171276,0.00603562,-0.0283775
20,317182,-0.00766938,0.00460186,-1.66658
20,316976,0.0041693,0.00473404,0.880705
20,316803,0.00456325,0.00474131,0.962444
20,315287,-0.00647126,0.00450292,-1.43712
20,316937,0.00686323,0.00546053,1.25688
20,316786,0.00353797,0.00609228,0.58073
20,316493,0.00178435,0.00367243,0.485878
20,316620,0.00522778,0.00449247,1.16368
20,316760,-0.00512015,0.00515168,-0.99388
20,316579,-0.00784894,0.00908495,-0.86395
20,314939,0.00279415,0.00287927,0.970437
20,316321,0.00441058,0.00262718,1.67882
20,315938,-0.00558809,0.00443368,-1.26037
20,315873,0.00287047,0.0025409,1.12971
20,316548,0.00175022,0.002612,0.670067
20,316851,0.0127395,0.00879234,1.44894
20,316792,0.0115045,0.00519656,2.21387
20,315917,0.00443822,0.0037445,1.18526
20,317035,-0.00273747,0.00332181,-0.82409
20,316925,-0.00945053,0.0079572,-1.18767
20,316353,-0.00165339,0.00280264,-0.589939
20,317216,-0.00254987,0.00774737,-0.329127
20,316946,-0.00173745,0.00339813,-0.511297
20,316971,0.0168612,0.00783262,2.15268
20,316382,0.00682091,0.00282069,2.41817
20,315559,-0.00936707,0.0083647,-1.11983
20,316708,-0.00998746,0.00384945,-2.59451
20,316767,0.00460371,0.00327375,1.40625
20,316747,0.00192336,0.00317572,0.605643
20,316890,0.00326007,0.00334509,0.974583
20,316829,-0.0060256,0.00415834,-1.44904
20,316674,-0.00297471,0.00791361,-0.375898
20,317194,0.0175036,0.00988861,1.77008
20,316539,-0.0088586,0.00870329,-1.01784
20,316884,-0.00638618,0.00577929,-1.10501
20,316605,-0.00269845,0.00371843,-0.725696
20,315506,-0.0103792,0.00565958,-1.83392
20,317010,0.00445802,0.00256157,1.74034
20,316722,0.00386858,0.00256431,1.50863
20,317007,0.00767033,0.00299337,2.56244
20,316679,-0.00785802,0.00304787,-2.5782
20,316365,0.00309616,0.00255674,1.21098
20,316863,-0.000108901,0.00356241,-0.0305696
20,317000,-0.0153038,0.00707678,-2.16253
20,315810,-0.000908332,0.00250882,-0.362055
20,317018,0.0042878,0.00915732,0.468237
20,317300,0.0016427,0.0105531,0.155661
20,317266,0.00907068,0.0113678,0.797927
20,317224,-0.00401642,0.00835205,-0.48089
20,315372,-0.000148788,0.00282985,-0.0525783
20,317218,0.00353707,0.00891885,0.396584
20,317047,-0.000822177,0.0036775,-0.223569
20,317116,0.000991723,0.00611822,0.162093
20,317186,-0.0152717,0.00910157,-1.67792
20,316787,-0.00207147,0.00281881,-0.734874
20,316652,-0.0124847,0.00587152,-2.12632
20,314467,0.0029456,0.00707108,0.41657
20,316357,-0.00225624,0.00255022,-0.884725
20,317216,0.00476056,0.00512188,0.929455
20,316433,0.00532232,0.00293599,1.81278
20,316768,-0.00267079,0.00529328,-0.504563
20,315012,0.0119206,0.00423596,2.81413
20,315911,0.0138259,0.00418549,3.3033
20,316239,0.00623086,0.0114457,0.544384
20,316201,0.00686514,0.00394778,1.73899
20,316701,0.00939835,0.00441679,2.12787
20,315903,0.0100437,0.00359404,2.79454
20,316637,0.00802396,0.00412218,1.94653
20,317018,0.0192237,0.0105703,1.81865
20,317226,-0.000846035,0.00983261,-0.0860438
20,316444,0.00966787,0.00443001,2.18236
20,317224,0.00758325,0.0073569,1.03077
20,316818,0.00750654,0.00282542,2.65679
20,316786,0.00194519,0.00451588,0.430744
20,316690,-6.2411e-05,0.00412463,-0.0151313
20,316794,-0.0102165,0.00384075,-2.66003
20,316931,0.00642797,0.00642475,1.0005
20,315014,-0.0155833,0.0070491,-2.21068
20,317273,0.00650881,0.00454478,1.43215
20,317270,-0.00236287,0.0124413,-0.189921
20,315974,-0.00148321,0.00319021,-0.464926
20,315989,0.0104712,0.00772682,1.35518
20,316822,0.00406388,0.00365757,1.11109
20,317227,0.00190211,0.00894686,0.212601
20,316063,-0.0066246,0.0121313,-0.546073
20,317255,-0.00659699,0.0046177,-1.42863
20,315888,-0.000675359,0.0026936,-0.250727
20,317033,0.00145241,0.00872817,0.166404
20,316815,-0.00737312,0.00608143,-1.2124
20,316123,0.00347691,0.0026714,1.30153
20,315575,0.0059414,0.00282456,2.10348
20,317266,-0.00666948,0.0107835,-0.618487
20,316834,0.00295103,0.00582025,0.507027
20,317067,-0.0083586,0.00628028,-1.33093
20,316671,0.00521587,0.00274416,1.90071
20,316708,-0.0130823,0.00674977,-1.93819
20,317108,-0.00689903,0.00700375,-0.985047
20,315956,0.000467511,0.00610556,0.0765713
20,316743,0.00474393,0.011096,0.427533
20,316818,0.0090503,0.00278794,3.24623
20,316525,0.0082527,0.00252569,3.26751
20,317157,-0.00360816,0.00431739,-0.835729
20,316216,-0.00630485,0.00251713,-2.50477
20,316818,0.00590452,0.00258659,2.28274
20,316749,0.00876278,0.00288727,3.03497
20,317239,0.0039137,0.00907892,0.431075
20,317199,-0.00235311,0.00609771,-0.385901
20,317254,-0.00422758,0.0123764,-0.341583
20,316692,-0.00225472,0.00258515,-0.872182
20,315409,-0.00118955,0.00255363,-0.465826
20,316633,-0.00260133,0.00366623,-0.709538
20,316354,-0.00257807,0.00263845,-0.977117
20,317049,-0.00168641,0.00451387,-0.373606
20,316213,-0.0132016,0.00729193,-1.81044
20,317148,-0.00366556,0.00567861,-0.645502
20,316989,-0.00270832,0.00419775,-0.645185
20,316739,-0.00448728,0.00280499,-1.59975
20,315447,0.00423414,0.0026963,1.57036
20,317257,-0.00908567,0.00926576,-0.980564
20,315866,-0.00274469,0.00255683,-1.07347
20,316933,-0.000247976,0.00386076,-0.0642299
20,316473,-0.00285781,0.00252926,-1.1299
20,317228,0.002052,0.00989388,0.207401
20,316181,-0.0014838,0.0028616,-0.518522
20,317252,-0.00716548,0.00844698,-0.848289
20,316555,-0.00287894,0.00279228,-1.03103
20,316892,0.000360546,0.00606167,0.0594796
20,314866,-0.00155436,0.0025886,-0.600463
20,316776,-0.00321892,0.00370333,-0.869196
20,317161,0.00888887,0.00336389,2.64244
20,316904,-0.00337832,0.00423088,-0.798492
20,317215,0.0066683,0.00911988,0.731183
20,316021,-0.0248993,0.0121531,-2.04881
20,317097,-0.00149376,0.00371383,-0.402217
20,315749,-0.00154248,0.00362528,-0.42548
20,317142,-0.00276236,0.00278679,-0.991232
20,316278,-0.0021163,0.00252292,-0.83883
20,317146,0.000488002,0.00926645,0.0526633
20,317270,0.0157341,0.0115524,1.36198
20,316853,-0.00145154,0.00280982,-0.516594
20,314488,0.00158691,0.00449673,0.352903
20,316633,-0.0104268,0.00746448,-1.39686
20,317109,0.000881678,0.00555768,0.158641
20,316477,-0.00349989,0.00503636,-0.694926
20,316913,-0.00328647,0.00759355,-0.432798
20,317157,-0.0139614,0.00734077,-1.9019
20,315835,0.0146259,0.0107818,1.35653
20,317157,0.00211448,0.00623205,0.339291
20,317088,0.0074683,0.00580205,1.28718
20,316656,0.00746699,0.0031856,2.34398
20,316246,0.00700075,0.00818057,0.855778
20,316770,0.000568358,0.00313025,0.181569
20,316275,0.0197276,0.00990049,1.99259
20,315882,-0.00750914,0.00360141,-2.08505
20,317050,0.00165188,0.0102468,0.16121
20,317216,0.000145044,0.0036882,0.0393265
20,316475,0.00786216,0.00343876,2.28634
20,317238,0.00095678,0.00363656,0.263101
20,316996,0.00655843,0.00279784,2.34411
20,316296,0.00535426,0.00274581,1.94997
20,317198,0.013079,0.00712183,1.83647
20,316835,0.0120248,0.00358176,3.35724
20,316572,0.00614074,0.00273492,2.24531
20,316082,0.00754856,0.00301487,2.50377
20,316747,-0.000800133,0.00342889,-0.233351
20,315896,0.00532847,0.00267365,1.99296
20,316777,0.00705477,0.0026619,2.65027
20,316656,-0.0074971,0.00955178,-0.784891
20,316722,-0.002462,0.0025074,-0.981895
20,316981,0.00291341,0.00621528,0.46875
20,316689,-0.00322169,0.00251582,-1.28057
20,316139,-0.0101643,0.00321103,-3.16543
20,316645,-0.00259199,0.00258374,-1.00319
20,316357,-0.00479041,0.00358553,-1.33604
20,316736,0.00628995,0.00253306,2.48315
20,315632,0.0031544,0.00293295,1.0755
20,317040,-0.00615516,0.00456207,-1.3492
20,316537,-0.00563052,0.00451278,-1.24768
20,317168,-0.0617785,0.00717528,-8.6099
20,316799,0.0117433,0.00455333,2.57907
20,317077,-0.0102207,0.00870572,-1.17402
20,316634,0.00475654,0.00513443,0.9264
20,315312,0.00853418,0.00476916,1.78945
20,315123,-0.00361326,0.00262068,-1.37875
20,315881,0.0011058,0.00309973,0.356742
20,317036,-0.00292169,0.00250281,-1.16736
20,316892,-0.000961443,0.00296608,-0.324146
20,317172,-0.00497282,0.00952746,-0.521946
20,316576,0.000964744,0.0025153,0.383551
20,316664,0.00620902,0.00476758,1.30234
20,316933,-0.00222072,0.00398885,-0.556734
20,316596,0.00347069,0.00251277,1.38122
20,317282,0.0172949,0.00627134,2.75777
20,317285,-0.00498993,0.00933875,-0.534326
20,317048,-0.00537863,0.00549479,-0.97886
20,316914,0.0110525,0.00390554,2.82994
20,317208,0.00443331,0.00432431,1.02521
20,317067,0.00657622,0.0068953,0.953725
20,317075,-0.0080971,0.00853119,-0.949117
20,316873,0.00576137,0.00508317,1.13342
20,317261,-0.00526605,0.00949733,-0.554477
20,315666,-0.0101118,0.00971557,-1.04079
20,316945,0.00140964,0.00617515,0.228277
20,316950,-0.0200703,0.0071024,-2.82585
20,316802,-0.00951692,0.0085286,-1.11588
20,316279,-0.000450767,0.00454522,-0.099174
20,316034,0.00494737,0.00357839,1.38257
20,315969,0.00531391,0.00552071,0.962541
20,317124,0.00411351,0.00331514,1.24083
20,316192,-0.00439058,0.00525362,-0.835726
20,316762,-0.00311783,0.00701381,-0.444528
20,316761,0.00463936,0.00326606,1.42048
20,316816,-0.0169685,0.00905885,-1.87314
20,316890,-0.00685669,0.00315609,-2.17253
20,316777,-0.00373144,0.00392676,-0.950259
20,315624,-0.00347774,0.00284417,-1.22276
20,317004,-0.0168826,0.0076008,-2.22116
20,317057,-0.00960219,0.00678224,-1.41578
20,316780,-0.00754744,0.00424965,-1.77602
20,316838,-0.00306144,0.00252277,-1.21352
20,316524,-0.00112562,0.00255575,-0.440425
20,316168,3.15184e-05,0.0065505,0.0048116
20,316228,-0.00267881,0.0026361,-1.0162
20,316480,-0.00680485,0.00450573,-1.51026
20,317022,-0.0137206,0.00950785,-1.44308
20,316564,0.00295411,0.0028235,1.04626
20,316737,0.00424108,0.00252564,1.67921
20,316681,0.00130512,0.0054596,0.23905
20,316379,0.00076217,0.00287694,0.264924
20,316994,-0.00248327,0.00720935,-0.344451
20,316901,-0.00198394,0.00717537,-0.276494
20,316908,-0.00138088,0.0048737,-0.283333
20,316661,0.001301,0.00770628,0.168823
20,314357,-0.00232675,0.00480235,-0.484501
20,316656,-0.00425065,0.00270021,-1.57419
20,317020,-0.000997139,0.00253524,-0.393312
20,317127,-0.002808,0.0101699,-0.27611
20,316717,0.0132152,0.00780349,1.69349
20,316804,-0.00452889,0.00741231,-0.610996
20,315398,-0.00235811,0.00257379,-0.916202
20,317017,-0.00133495,0.00793453,-0.168246
20,316583,-0.00459283,0.00418857,-1.09652
20,316572,-0.00199365,0.0053441,-0.373056
20,317239,0.000562136,0.00732483,0.076744
20,315701,-0.00320954,0.0050162,-0.639835
20,317175,-0.00400278,0.0101771,-0.393311
20,316125,-0.00386349,0.00250585,-1.54179
20,315866,-0.00217013,0.00430228,-0.504414
20,317261,-0.00348794,0.0105601,-0.330295
20,317154,0.00602493,0.00785192,0.767319
20,317154,0.00473579,0.00880495,0.537855
20,316427,-0.000827136,0.00268994,-0.307492
20,316861,-0.0162395,0.00793153,-2.04747
20,316660,0.00447354,0.00294718,1.51791
20,316512,-0.00672989,0.00758832,-0.886875
20,316201,-0.000924355,0.00289391,-0.319414
20,316541,0.00681629,0.00577099,1.18113
20,316454,-0.000915361,0.00273914,-0.334179
20,316761,-0.000943909,0.00285661,-0.33043
20,316608,0.0100061,0.00722133,1.38563
20,316982,0.0110092,0.00499825,2.2026
20,316817,0.00498383,0.00365195,1.3647
20,316993,-0.000855731,0.00465898,-0.183673
20,316815,0.00414032,0.00312622,1.32439
20,317260,-0.0114851,0.00830828,-1.38237
20,316932,-0.00203235,0.00257212,-0.790144
20,316790,0.00147899,0.0074234,0.199233
20,316933,0.00246574,0.00352515,0.699472
20,316847,-0.00290769,0.00256652,-1.13293
20,316772,0.0142431,0.00872032,1.63332
20,317139,0.0236958,0.00930535,2.54648
20,316575,-0.00200291,0.00273906,-0.73124
20,316082,-0.00433458,0.00646008,-0.67098
20,317126,0.00514417,0.00282336,1.822
20,317102,-0.0057137,0.00285416,-2.00189
20,316440,0.00659162,0.00262723,2.50896
20,316593,-0.0135124,0.0072433,-1.8655
20,316335,-0.00296501,0.00264389,-1.12145
20,316987,-0.00521156,0.00288537,-1.8062
20,315893,-0.00303634,0.00258017,-1.1768
20,315294,-0.00844727,0.00894836,-0.944002
20,317003,0.000330543,0.00295605,0.111819
20,314935,0.0016882,0.00251331,0.671704
20,316775,0.00504851,0.00480527,1.05062
20,316834,0.00473284,0.0025794,1.83486
20,316332,-0.00449436,0.00331133,-1.35727
20,316137,0.00481047,0.00961249,0.50044
20,316690,0.00391973,0.0041476,0.945059
20,317021,0.00538659,0.00444856,1.21086
20,316292,-0.00104531,0.00676305,-0.154562
20,317073,-0.000842013,0.00321407,-0.261978
20,316954,-0.00130642,0.00296975,-0.439909
20,317149,-0.0225195,0.00775709,-2.90309
20,316818,-0.00275741,0.0027709,-0.99513
20,316998,0.00777531,0.010906,0.712936
20,316062,-6.13585e-05,0.0034585,-0.0177414
20,316181,0.00062503,0.0104099,0.0600416
20,314320,0.000580394,0.00430037,0.134964
20,316732,-0.00291993,0.00250642,-1.16498
20,316561,0.0044087,0.00367384,1.20002
20,317175,0.0101358,0.00732487,1.38375
20,315939,-0.00469115,0.00667371,-0.70293
20,317086,-0.000606153,0.00322284,-0.18808
20,316797,0.016397,0.00750209,2.18565
20,316384,0.000721897,0.00620742,0.116296
20,316570,-0.00411433,0.00280488,-1.46685
20,315316,-0.00102527,0.00252007,-0.406842
20,316919,-0.00150311,0.00833412,-0.180356
20,317172,-0.00202655,0.00323235,-0.626959
20,317073,0.00930034,0.0109406,0.850074
20,317030,-0.00236836,0.00323258,-0.732651
20,316097,-0.00212153,0.00323465,-0.655877
20,317055,0.00869464,0.00727389,1.19532
20,316975,-0.0113287,0.00563088,-2.01189
20,316935,-0.00208182,0.00250308,-0.831703
20,316570,-0.00273802,0.00281202,-0.973685
20,316627,-0.00291361,0.00252853,-1.1523
20,317021,-0.00184033,0.00325819,-0.564833
20,317179,-0.00207346,0.00617143,-0.335976
20,316398,-0.00185169,0.00326304,-0.567472
20,317145,0.00644282,0.00852158,0.756059
20,317277,0.00149688,0.0066645,0.224604
20,316911,-0.00344493,0.00318807,-1.08057
20,317184,-0.0135165,0.0061868,-2.18473
20,317297,-0.0035987,0.00959557,-0.375038
20,317030,-0.00421191,0.00493781,-0.85299
20,316796,-0.00335575,0.00319891,-1.04903
20,316107,-0.00542768,0.00324252,-1.67391
20,317322,0.00898383,0.0080545,1.11538
20,316788,-0.00350084,0.00607598,-0.576177
20,316439,-0.000509553,0.00553128,-0.0921221
20,317021,0.00684798,0.00648142,1.05656
20,316678,0.00842398,0.00802766,1.04937
20,315274,-0.00545852,0.00395756,-1.37926
20,315783,0.0125608,0.00715851,1.75467
20,316471,0.00979953,0.00804907,1.21747
20,314927,-0.0125312,0.0046453,-2.69762
20,317246,-0.00307344,0.00288233,-1.0663
20,317226,0.00397155,0.0090863,0.437092
20,316851,0.0120987,0.00664748,1.82004
20,316435,-0.000170613,0.00303273,-0.0562571
20,317067,0.00111717,0.00787746,0.141819
20,316023,-0.000628943,0.00280975,-0.223843
20,317246,-0.0101952,0.00842863,-1.20959
20,317132,-0.000570512,0.00677439,-0.084216
20,317005,-0.0233251,0.00635275,-3.67165
20,316657,0.00618048,0.00286392,2.15805
20,316021,-0.0107185,0.00294632,-3.63792
20,316625,0.00369268,0.0029352,1.25807
20,316951,-0.00687598,0.00847577,-0.811251
20,317286,0.00617784,0.00912086,0.677331
20,316467,0.00729476,0.00251096,2.90517
20,316054,0.000678057,0.00562856,0.120467
20,316573,-0.00397065,0.00259881,-1.52787
20,316792,0.0100205,0.00885699,1.13137
20,317126,0.00449895,0.00297694,1.51126
20,316241,0.00783993,0.00729095,1.0753
20,316843,0.00133688,0.00261088,0.512044
20,316942,0.00156553,0.00260885,0.600085
20,315455,0.0016353,0.0026221,0.623661
20,317143,-0.00454546,0.00372905,-1.21893
20,316851,0.00374432,0.00410431,0.912292
20,316698,-0.00308957,0.00507646,-0.608608
20,316850,0.00866078,0.0108298,0.799718
20,317006,0.00551029,0.00299006,1.84287
20,316911,-0.00465558,0.00384276,-1.21152
20,317065,0.0107945,0.00701918,1.53785
20,317129,0.00515977,0.00805029,0.640942
20,316531,-0.00295,0.00250481,-1.17773
20,316732,0.00251585,0.0025089,1.00277
20,316599,0.00418466,0.00250317,1.67175
20,316681,0.00103752,0.00251018,0.413324
20,316852,0.000226769,0.003634,0.0624021
20,317094,-0.00556381,0.00627275,-0.886981
20,316649,0.00136036,0.00365604,0.372085
20,317141,-5.92522e-05,0.00660005,-0.00897753
20,317146,-0.00149029,0.00339304,-0.43922
20,316522,-0.000153486,0.00268588,-0.0571453
20,316932,0.00479739,0.00800333,0.599425
20,316785,0.000855897,0.0031066,0.27551
20,316745,0.00135881,0.00321603,0.422513
20,317038,-0.00205018,0.00508864,-0.402893
20,317155,-0.00201051,0.00500678,-0.401557
20,317139,-0.00436194,0.00543802,-0.802118
20,316913,0.0114288,0.0103541,1.1038
20,316863,0.00714533,0.00671379,1.06428
20,317170,-0.000188474,0.00670872,-0.0280938
20,316407,-0.00222005,0.00279624,-0.793943
20,315578,0.00784341,0.0031556,2.48555
20,316946,0.0100169,0.00639519,1.56632
20,317034,-0.000418529,0.00412826,-0.101381
20,317190,-0.0112441,0.010492,-1.07168
20,316610,0.00121113,0.00251055,0.482417
20,316997,0.0109442,0.0118775,0.921418
20,316891,-0.00302781,0.00269992,-1.12145
20,316698,-0.00773089,0.00363171,-2.12872
20,316766,0.00511301,0.00287656,1.77747
20,315551,-0.00184775,0.00253291,-0.729496
20,316935,-0.00159444,0.0056763,-0.280895
20,316586,-5.09163e-05,0.00300789,-0.0169276
20,317252,0.00684245,0.00816779,0.837736
20,317298,0.0197075,0.0108881,1.81
20,316985,-0.00342871,0.00273272,-1.25469
20,317061,-0.000448132,0.00435815,-0.102826
20,316125,0.00577414,0.00534884,1.07951
20,316793,0.00646392,0.00339451,1.90423
20,316790,-0.00792082,0.00645333,-1.2274
20,316633,-0.00329581,0.00272083,-1.21133
20,317011,-0.00580661,0.00731984,-0.79327
20,315565,0.0122119,0.00670716,1.82073
20,316864,0.00151049,0.0025044,0.603136
20,317128,0.0132634,0.00956157,1.38715
20,316874,0.00755489,0.0032598,2.3176
20,317226,0.00150319,0.00806869,0.186299
20,317029,0.000680063,0.00513221,0.132509
20,316522,0.0032663,0.0039754,0.821627
20,317047,-0.00124512,0.00605682,-0.205574
20,316380,0.00600441,0.00340389,1.76398
20,316013,-0.0054364,0.00252253,-2.15514
20,316675,0.00113819,0.00453233,0.251126
20,316755,-0.00588801,0.00255131,-2.30783
20,316504,0.00497005,0.00567297,0.876093
20,316831,-0.0157388,0.0123971,-1.26956
20,316534,0.00771534,0.0037814,2.04034
20,316661,-0.00540463,0.00260111,-2.07781
20,317055,-0.0102505,0.00523898,-1.95658
20,316662,-0.00126948,0.00351312,-0.361355
20,314837,-0.00615211,0.00265395,-2.31809
20,317043,0.00733455,0.00323585,2.26666
20,316336,-0.00433459,0.00256452,-1.69022
20,317043,-0.00118364,0.00559067,-0.211718
20,317273,-0.00985827,0.00528114,-1.86669
20,316896,-0.00633836,0.00266386,-2.37939
20,317064,-0.00693317,0.00265103,-2.61527
20,315085,0.00979655,0.00768772,1.27431
20,317056,0.000657815,0.00828864,0.0793634
20,317209,0.00428146,0.00611205,0.700496
20,316698,-0.00209191,0.00266096,-0.786147
20,317035,-0.00854599,0.00508538,-1.6805
20,316982,-0.002022,0.00265769,-0.760811
20,317209,0.00844245,0.00874763,0.965112
20,317093,-0.00262737,0.00267993,-0.980387
20,316523,-0.00214658,0.00252148,-0.851317
20,314351,0.00210457,0.0058194,0.361648
20,317069,-0.00455879,0.00258177,-1.76576
20,316920,-0.00270667,0.00534383,-0.506503
20,316437,-0.0031903,0.00253494,-1.25853
20,317095,-0.00214387,0.0117281,-0.182797
20,317157,0.0151458,0.00622221,2.43415
20,316559,-0.00371616,0.00259448,-1.43233
20,316722,-0.0024474,0.00254372,-0.962134
20,316597,0.0330975,0.0116354,2.84455
20,316640,-0.00380199,0.00260761,-1.45804
20,316590,-0.000660973,0.00251478,-0.262835
20,316762,-0.00520575,0.0124472,-0.418227
20,317133,-0.00263078,0.00911646,-0.288575
20,316757,0.0158209,0.00304464,5.19633
20,317042,0.0153955,0.0028911,5.32514
20,316607,0.0151246,0.00319307,4.73669
20,317265,0.00604715,0.0109703,0.55123
20,317214,0.0118807,0.00461296,2.5755
20,317140,-0.00119758,0.00393772,-0.30413
20,317212,0.012204,0.00730461,1.67073
20,316710,-0.0016291,0.00463386,-0.351564
20,316360,-0.00347375,0.00251941,-1.3788
20,316742,0.00271141,0.00257991,1.05097
20,316369,-0.0196977,0.0114797,-1.71586
20,316968,0.00365796,0.00630388,0.58027
20,316371,-0.0110423,0.00284862,-3.87637
20,316547,-0.0162783,0.00355528,-4.57863
20,316345,0.00586042,0.00389788,1.50349
20,316687,0.00109756,0.010955,0.100188
20,317110,-0.010785,0.00937185,-1.15079
20,317006,0.010651,0.00255956,4.16126
20,317125,0.0261746,0.0120813,2.16655
20,316535,0.0108058,0.00359395,3.00668
20,316873,0.00946925,0.00261988,3.61439
20,317024,0.000803577,0.00703181,0.114277
20,317243,0.0106299,0.00359226,2.95912
20,316941,0.00418612,0.00853174,0.490653
20,317129,-0.00175105,0.00929219,-0.188443
20,316398,-0.0111918,0.00258981,-4.32148
20,316868,-0.000528339,0.00825733,-0.0639842
20,317036,0.000201164,0.00456532,0.0440635
20,316552,-0.0116553,0.00286914,-4.06228
20,316934,-0.00115755,0.00590402,-0.196061
20,316659,-0.0120898,0.00285844,-4.2295
20,316657,-0.00643081,0.00251137,-2.56068
20,317173,-0.0078092,0.0101663,-0.768148
20,316665,-0.00358167,0.00307403,-1.16514
20,316887,0.00687324,0.00274609,2.50291
20,316940,0.0119939,0.0092443,1.29744
20,316809,-0.0112837,0.0029171,-3.86811
20,316273,0.00785648,0.00293231,2.67928
20,317340,0.00254299,0.00587031,0.433195
20,316950,-0.0052787,0.00485699,-1.08683
20,317030,-0.00445034,0.00360131,-1.23576
20,315940,0.00672277,0.00255758,2.62856
20,317293,0.0170503,0.0101744,1.6758
20,316603,-0.00550095,0.00408671,-1.34606
20,316772,-0.000266309,0.00398325,-0.0668572
20,316595,0.00534474,0.00294402,1.81546
20,316325,7.02219e-05,0.00280995,0.0249905
20,317022,-0.000429108,0.00644794,-0.0665496
20,315171,-0.00553513,0.00274294,-2.01796
20,317138,-0.000806188,0.00618517,-0.130342
20,316855,-0.00271356,0.00353723,-0.767142
20,316725,0.00717995,0.00365955,1.96197
20,317272,-0.000405696,0.00747893,-0.0542452
20,316829,0.00181707,0.00599867,0.302913
20,316778,-0.00155689,0.00341204,-0.456293
20,316852,-0.00570164,0.0047342,-1.20435
20,317114,0.00319981,0.00590409,0.541964
20,317202,0.0162226,0.00935106,1.73484
20,317283,0.00469055,0.00600932,0.780545
20,316717,0.00200622,0.00488781,0.410454
20,317081,0.00124647,0.00586927,0.212372
20,316176,-0.00153154,0.00736292,-0.208008
20,317181,0.000544519,0.00585816,0.0929505
20,316678,0.000861511,0.00258219,0.333636
20,316694,-0.00667287,0.0040344,-1.654
20,316875,0.00337738,0.004415,0.764978
20,316813,0.00821804,0.00474029,1.73366
20,316566,0.000926242,0.0028766,0.321991
20,315834,-0.0122544,0.00765686,-1.60044
20,316010,-0.0119629,0.00451277,-2.6509
20,317306,0.00763292,0.00505658,1.5095
20,315386,-0.000997832,0.00448418,-0.222523
20,316417,-0.000875155,0.00252896,-0.346053
20,316860,-0.00543768,0.00886606,-0.613314
20,316853,0.00593485,0.00873323,0.679572
20,315007,0.00330215,0.00505465,0.653289
20,317192,0.0117891,0.0117311,1.00494
20,316292,0.00164478,0.00251844,0.653095
20,317076,0.00473591,0.00884236,0.535593
20,317287,-0.00961385,0.0049924,-1.9257
20,317019,0.00137612,0.0105054,0.130992
20,317220,-0.005126,0.00574805,-0.891781
20,317145,0.0119713,0.00832627,1.43778
20,316839,0.000889652,0.00288719,0.308137
20,315486,-0.00122226,0.00284942,-0.428952
20,316470,0.00519367,0.00737927,0.703819
20,316698,0.00214788,0.00572958,0.374876
20,317005,-0.000700845,0.00534628,-0.13109
20,316021,-0.000487217,0.0026659,-0.182759
20,316609,-0.0013029,0.0026578,-0.490216
20,317083,0.0131225,0.00658633,1.99239
20,317096,0.0031917,0.00856186,0.372781
20,317032,0.00188185,0.00453814,0.414674
20,316955,-0.00488473,0.0048253,-1.01232
20,315560,0.00242859,0.00352572,0.688822
20,315620,0.00873045,0.00492116,1.77406
20,316670,-0.0048854,0.00367211,-1.33041
20,317143,0.00228626,0.00534757,0.427533
20,316725,0.00218953,0.00261212,0.83822
20,316456,0.000221095,0.00272174,0.0812327
20,317254,0.00216328,0.0066724,0.324213
20,317071,-0.0117059,0.00912904,-1.28227
20,316403,0.00560151,0.00394945,1.4183
20,316886,-0.00918739,0.00705401,-1.30243
20,316751,0.00312135,0.00809562,0.38556
20,316849,-0.0029884,0.00493019,-0.606142
20,316635,0.00370684,0.00253811,1.46048
20,316698,0.000612019,0.00662233,0.0924175
20,316916,-0.00287963,0.00507592,-0.567313
20,316651,-0.00183373,0.00268293,-0.683479
20,316440,-0.00466638,0.00425625,-1.09636
20,316600,0.00182288,0.00353435,0.515761
20,317295,-0.00172817,0.00695143,-0.248607
20,315594,-0.000982564,0.011654,-0.084311
20,316314,-0.000299014,0.00306872,-0.0974395
20,317263,0.00825322,0.00625118,1.32027
20,316606,-0.000248282,0.0033995,-0.0730348
20,316436,-0.000403094,0.00321913,-0.125218
20,316022,0.000130423,0.0026273,0.0496415
20,316726,0.000572078,0.00400617,0.142799
20,315601,0.00258982,0.00385127,0.672459
20,317298,-0.00859083,0.0102673,-0.836718
20,316940,0.00697184,0.00879255,0.792926
20,317096,0.00191054,0.0104725,0.182434
20,317141,-0.0024701,0.0102938,-0.23996
20,316721,-0.00189047,0.00250639,-0.754259
20,317104,-0.0107701,0.0114237,-0.942782
20,316931,0.00164545,0.00320812,0.512901
20,316944,-0.0109607,0.00767476,-1.42814
20,316973,-0.00391208,0.00422796,-0.925289
20,317091,0.0106513,0.00842642,1.26403
20,316728,5.43648e-05,0.00261173,0.0208157
20,316780,0.00588797,0.00465995,1.26353
20,316893,0.00412774,0.00429633,0.96076
20,316866,0.00367379,0.00395471,0.928966
20,316192,0.00426796,0.00395459,1.07924
20,314822,-1.0376e-05,0.00385019,-0.00269493
20,316223,0.00440875,0.0119882,0.367756
20,317134,0.00118748,0.0059998,0.197919
20,317200,-0.00750375,0.00893071,-0.840218
20,316455,0.00033061,0.00263866,0.125295
20,316667,0.00174784,0.00343578,0.508719
20,316246,-0.00211548,0.00377986,-0.559673
20,317310,-0.003123,0.0090972,-0.343292
20,315965,0.000811462,0.00260304,0.311736
20,316581,-0.000760109,0.00419298,-0.181282
20,316645,0.00435294,0.00361899,1.2028
20,316925,-0.000959131,0.0033593,-0.285515
20,315473,-0.00208357,0.00337102,-0.618082
20,316064,-0.00496308,0.00254802,-1.94782
20,315946,-0.00633835,0.00261888,-2.42025
20,317141,0.00162025,0.00383266,0.422748
20,315292,0.00112844,0.00635649,0.177526
20,317120,-0.00440643,0.00700066,-0.629431
20,316869,-0.00634093,0.00626711,-1.01178
20,317293,-0.00548297,0.00530035,-1.03445
20,316922,-0.0062848,0.00321172,-1.95683
20,316715,0.00328613,0.00255904,1.28413
20,316183,-0.00742378,0.00325247,-2.2825
20,316738,0.00454042,0.00252994,1.79467
20,317120,-0.0173157,0.00981959,-1.76338
20,317242,0.00739553,0.00616672,1.19926
20,316740,-0.00181059,0.00293739,-0.616395
20,317043,-0.00703782,0.00679966,-1.03503
20,316985,-0.00470003,0.00788187,-0.596309
20,316945,0.000667934,0.00270461,0.246961
20,316676,0.00138889,0.00254013,0.546777
20,316378,-0.0084873,0.00430133,-1.97318
20,315506,0.00288157,0.0026199,1.09988
20,317079,-0.00678923,0.00490603,-1.38385
20,317096,-0.00196255,0.0104497,-0.187808
20,316665,0.00761178,0.00252931,3.00943
20,316805,-0.00456712,0.00669964,-0.681697
20,317289,0.0045777,0.00748435,0.611636
20,317219,0.00381287,0.00712649,0.535028
20,317218,0.00511642,0.00410755,1.24562
20,316646,-0.00386708,0.00262782,-1.47159
20,316770,-0.00429026,0.00250558,-1.71228
20,316578,-0.00530627,0.00439641,-1.20696
20,317115,0.00169816,0.00537683,0.315829
20,316859,0.000324917,0.00641808,0.0506253
20,315894,-0.00176844,0.00268085,-0.659659
20,317180,0.00343576,0.00849933,0.404239
20,316218,-0.0047009,0.0025293,-1.85858
20,317309,0.00225244,0.00976293,0.230713
20,317230,-0.00490022,0.00472763,-1.03651
20,317108,0.00377719,0.00673168,0.561106
20,316821,-0.00464346,0.00271187,-1.71227
20,316953,0.0060159,0.0103506,0.581212
20,317216,0.00197978,0.00711372,0.278304
20,316692,-0.0136569,0.0103564,-1.3187
20,317195,0.0029703,0.00616939,0.481457
20,316865,-0.00244985,0.0025186,-0.972702
20,316584,-0.00316586,0.0028099,-1.12668
20,316856,-0.0027024,0.00966333,-0.279655
20,316917,-0.00585728,0.00656504,-0.892192
20,316718,-0.00207963,0.00270763,-0.768065
20,314376,-0.00499091,0.00490614,-1.01728
20,316944,-0.00130476,0.00747022,-0.174661
20,316542,-0.0018261,0.00253736,-0.719688
20,317031,-0.000436965,0.00282529,-0.154662
20,316788,-0.0038739,0.00621896,-0.622918
20,317083,0.0161737,0.0123336,1.31135
20,316071,0.00504158,0.00321217,1.56952
20,316460,0.00266452,0.00269782,0.987655
20,316872,0.00364439,0.0046303,0.787076
20,317002,0.00881728,0.0082409,1.06994
20,317147,0.0168942,0.00715169,2.36226
20,316994,-0.0169551,0.0075145,-2.25631
20,316872,-0.00127366,0.0039193,-0.32497
20,316831,0.00103362,0.00276255,0.374154
20,316636,0.00269446,0.00255479,1.05467
20,317183,0.00111107,0.00475426,0.2337
20,317010,0.00630682,0.00719372,0.876713
20,316910,-0.000811601,0.00719136,-0.112858
20,317128,-0.00316594,0.00741757,-0.426816
20,317021,-0.00712768,0.00829923,-0.858836
20,316876,-0.00352674,0.00848045,-0.415867
20,316774,-0.00275397,0.00490427,-0.561545
20,317273,0.000649015,0.00873805,0.0742747
20,316876,0.00178599,0.00390197,0.457716
20,314755,0.000454337,0.00721919,0.0629347
20,316364,0.0138619,0.00974951,1.4218
20,316234,-0.00229366,0.00251621,-0.911554
20,316794,0.00227219,0.00843059,0.269517
20,316071,-0.0114874,0.00899343,-1.2773
20,316612,-0.000568826,0.00276852,-0.205462
20,317198,0.0033397,0.00792758,0.421276
20,316506,0.00304047,0.00255808,1.18858
20,317191,-0.00210322,0.00901858,-0.23321
20,316455,-0.00480321,0.00278051,-1.72745
20,317089,0.0198123,0.0076092,2.60373
20,316046,-0.0016966,0.00251616,-0.674279
20,317305,-0.00730291,0.00868354,-0.841006
20,317167,-0.00362775,0.0105957,-0.34238
20,316550,-0.0077285,0.0104721,-0.738011
20,317139,-0.00431816,0.00372186,-1.16022
20,314589,-0.00171472,0.00396548,-0.432412
20,316875,0.00400312,0.00679028,0.589537
20,316732,0.0103205,0.00613912,1.6811
20,316675,-0.0112298,0.00622217,-1.80481
20,316920,0.0038345,0.0106548,0.359885
20,316919,0.00186016,0.00642833,0.289368
20,316728,-0.00353909,0.00269138,-1.31497
20,316135,-0.00383216,0.00259241,-1.47822
20,316590,0.00148914,0.00505757,0.294437
20,316500,0.00143502,0.00251404,0.570805
20,316942,-0.0046414,0.00276071,-1.68123
20,317190,0.000953611,0.00603651,0.157974
20,317172,-0.0032924,0.00786582,-0.418571
20,316863,-0.00535027,0.00322142,-1.66084
20,316844,-0.00356997,0.00300488,-1.18806
20,317001,0.00179016,0.0033033,0.541931
20,317306,0.00510443,0.0112897,0.452131
20,317198,-0.00181044,0.006247,-0.28981
20,316552,0.00306201,0.00310135,0.987317
20,316561,-0.00222962,0.00346123,-0.64417
20,316693,0.00229279,0.00253801,0.903381
20,314696,-0.00215413,0.0036517,-0.589896
20,316965,-0.00822548,0.00414162,-1.98605
20,316870,-0.00805453,0.00442763,-1.81915
20,316349,0.00221744,0.00251384,0.882092
20,316114,-0.00451368,0.0026912,-1.6772
20,316050,-0.0040347,0.00477612,-0.844766
20,315598,-0.00637658,0.00750469,-0.849678
20,316691,-0.00136814,0.00990434,-0.138136
20,316338,-0.0099359,0.00873234,-1.13783
20,316704,0.00409859,0.00284464,1.44081
20,317080,-0.00391718,0.00685897,-0.571103
20,316692,-0.00266108,0.00338244,-0.786736
20,316861,0.003419,0.00283778,1.20481
20,316724,-0.00117118,0.00251924,-0.464896
20,316240,0.000581906,0.00285062,0.204133
20,317220,0.00428866,0.00579469,0.740101
20,316893,-0.0127314,0.00975443,-1.30519
20,317014,0.00608165,0.00345178,1.76189
20,316863,0.0109686,0.008666,1.2657
20,316680,0.00118988,0.011639,0.102232
20,316333,-0.000783638,0.00464083,-0.168857
20,316988,-0.000872944,0.0029503,-0.295883
20,316608,0.00710249,0.00321077,2.21208
20,316385,0.00229185,0.0025124,0.912218
20,316394,-0.00231984,0.00252352,-0.919287
20,315843,-0.000275803,0.00255732,-0.107848
20,316219,-0.00421001,0.00252623,-1.66652
20,317078,0.00881388,0.00359053,2.45476
20,317054,0.00322538,0.00593638,0.543324
20,317005,-0.0054748,0.00707966,-0.773314
20,315992,-8.82753e-05,0.00251901,-0.0350437
20,316505,-0.000299589,0.0025123,-0.119249
20,316059,0.0127473,0.00583802,2.1835
20,317133,-0.00664231,0.0073601,-0.902475
20,317322,0.00683834,0.0114153,0.599053
20,316885,0.00333863,0.00389705,0.856708
20,316455,-0.00584178,0.00443831,-1.31622
20,317213,-0.010537,0.00989645,-1.06473
20,316643,-0.00598746,0.0091581,-0.653789
20,317043,-0.0140354,0.00780917,-1.7973
20,316796,-8.52145e-05,0.00355185,-0.0239916
20,316413,-0.00194306,0.00259215,-0.749595
20,317287,-0.00612492,0.00737517,-0.830479
20,316369,-0.00804238,0.0101364,-0.793417
20,317240,-0.00192134,0.00566558,-0.339126
20,314720,-0.00122998,0.00572696,-0.21477
20,317081,-0.0039163,0.00334464,-1.17092
20,316276,0.00046822,0.00253804,0.184481
20,316939,-0.016049,0.0120504,-1.33182
20,316910,0.00227365,0.00394919,0.575727
20,316595,-0.00393283,0.00375014,-1.04872
20,316420,0.0022289,0.00415119,0.53693
20,316593,-0.000237581,0.0025365,-0.0936649
20,316289,0.00322128,0.00388038,0.830145
20,316438,0.00160425,0.00397096,0.403996
